WitnessID,CaseMasterID,WitnessName,Phone
1,566,Noah Wable,2674619595
2,480,Theodore Dani,08038566614
3,886,Dev Pandit,9200208851
4,302,Rachit Barad,+918432560952
5,985,Omisha Mani,+914868540372
6,699,Agastya Tak,2587315015
7,795,Vihaan Jayaraman,+918990847026
8,122,Mekhala Purohit,+911119549376
9,813,Nisha Goyal,01015010224
10,158,Hamsini Sen,5874662058
11,724,Ekapad Lanka,06656256775
12,9,Zilmil Sidhu,+916216847915
13,470,Hitesh Kuruvilla,+917417160991
14,628,Arin Oommen,3829498816
15,410,Elijah Khalsa,04095431552
16,843,Lohit Sanghvi,6303202882
17,66,Abha Oak,06646949138
18,358,Sanaya Dhingra,+912502029242
19,759,Arunima Varughese,+915008556765
20,912,Pahal Apte,+914937598551
21,208,Devika Kalita,03114244108
22,606,Vansha Rajagopal,+912415337676
23,426,Nitesh Khurana,+919733364210
24,255,Arjun Bhatia,+919341423842
25,485,Barkha Kalla,3786900991
26,254,Raghav Vig,07263666471
27,371,Sanya Vyas,09337848495
28,767,Chandani Vasa,01386409554
29,844,Manthan Tara,+912262108774
30,727,Sai Sengupta,07465417249
31,331,Sai Mangat,8785803879
32,878,Vanya Borah,5995800983
33,770,Yatin Sachdeva,01801207684
34,943,Adweta Mukhopadhyay,+918645876650
35,987,Krish Gokhale,02324923127
36,826,Anthony Bajwa,2207226883
37,919,Vyanjana Rama,09792777309
38,619,Mahika Rastogi,4424306584
39,681,Nakul Dugar,5589331061
40,763,Ranbir Lanka,08433310507
41,160,Garima Upadhyay,+918923784592
42,772,Suhani Sarma,3997049415
43,343,Nimrat Dayal,5146476226
44,420,Riya Chowdhury,0301501408
45,225,Manya Kaul,08549919873
46,851,Anjali Rastogi,+918231788336
47,507,Saanvi Chanda,05287898912
48,565,Zarna Khatri,05399739429
49,704,Sara Issac,1952623949
50,635,Qasim Issac,07520596660
51,820,Lakshmi Som,+918132485826
52,65,Aarini Hora,6586450199
53,869,Waida Manne,1999859632
54,454,Farhan Keer,05578928429
55,592,Bhavini Ramakrishnan,+914119439480
56,898,Mason Badal,+911693022673
57,191,Ojasvi Trivedi,06208731306
58,400,Victor Dyal,08454861693
59,489,Krisha Comar,00307649394
60,331,Madhavi Om,02193129298
61,669,Ronith Shenoy,5983724412
62,184,Hritik Manda,+915412437915
63,970,Samarth Bal,1003918932
64,762,Jhalak Vora,+918618189998
65,71,Laban Butala,+918917504223
66,826,Charles Seshadri,04427740748
67,312,Vaishnavi Mani,+915441103491
68,475,Madhavi Dave,6846128769
69,621,Forum Mangat,02358213944
70,861,William Vig,00695071630
71,292,Frado Gokhale,+918965738092
72,409,Nilima Dara,+911983900437
73,700,David Borah,+914775687228
74,709,Janaki Dayal,+910297958070
75,602,Aarnav Sur,5080734020
76,88,Yashawini Nagy,1356026501
77,711,Urvi Ben,7982232623
78,850,Anita Chakrabarti,09563008669
79,826,Pooja Bhatt,06957812543
80,612,Damini Mukhopadhyay,01914900877
81,832,Yauvani Garde,06578559427
82,756,Libni Pillay,1653709525
83,865,Dhruv Vora,+918558999966
84,148,Ranbir Menon,+911754773157
85,373,Ishani Kamdar,03756163290
86,975,Omaja Kata,+916910948777
87,139,Ganga Oza,03355024241
88,717,Edhitha Dugar,6093940330
89,834,Chaaya Bhatia,04259366954
90,66,Chakrika Deshpande,08105574851
91,485,Kamala Khanna,03677309085
92,856,Chaitanya Kaul,02299484452
93,733,Christopher Basak,01820205812
94,364,David Bajwa,6307394040
95,407,Isaac Nagarajan,02590598285
96,420,Naveen Mitra,00697560669
97,266,Aarnav Dugal,05940518763
98,577,Harinakshi Kala,8808874908
99,756,Amruta Srinivasan,00326833889
100,114,Damyanti Char,5396293644
101,721,Ayush Puri,+910691535115
102,376,Kashish Pai,09888301127
103,405,Aachal Vohra,+912016405367
104,227,Vincent Ganesan,07356934700
105,352,Bachittar Goda,6545674195
106,804,Jason Shukla,2853308993
107,175,Girish Pandey,9009534146
108,545,Gunbir Bhatti,04366229329
109,392,Sara Chand,4188165696
110,485,Bhavani Mohan,08846865965
111,861,Yatan Dua,02708429438
112,297,Indira Pant,07149628949
113,957,Janya Chowdhury,08122132069
114,593,Shaurya Prabhakar,8474415666
115,766,Yash Keer,+916855044630
116,92,Jeevika Sehgal,+918274399672
117,747,Zilmil Choudhury,+917716069348
118,60,Lila Brahmbhatt,04183382403
119,659,Yochana Kalla,5763010820
120,738,Qabil Nori,3400406040
121,595,Yashodhara Tara,6928113137
122,562,Praneel Kari,2240370197
123,233,Bhavya Sachdeva,+910943050209
124,904,Devansh Luthra,+918988380745
125,330,Manya Bhattacharyya,07357854696
126,580,Udant Comar,08329272869
127,858,Aradhana Setty,+915556899205
128,370,Krisha Ghose,+919056106283
129,114,Neha Kibe,1491884470
130,770,Samar Cheema,7700914778
131,586,Chandani Nagy,6509739035
132,873,Chaman Chahal,+911490492599
133,270,Gabriel Jhaveri,+918250971696
134,87,Vanya Morar,08060760911
135,83,Girik Panchal,8771950871
136,250,Harita Handa,+914352508667
137,533,Zayyan Grewal,0445006958
138,671,Darpan Saha,4141550230
139,927,Matthew Ahuja,02573375131
140,423,Kashvi Dugal,+918538111645
141,498,Brinda Deep,+918456849119
142,26,Maya Puri,+914158180151
143,781,Charles Sarraf,+911786766163
144,718,Samuel Deol,9370033714
145,198,Viraj Kohli,06022426562
146,713,Rishi Gade,7746919372
147,715,Unni Krishnamurthy,8535759594
148,69,Vincent Chander,00171703233
149,810,Vansha Dave,+914381019292
150,497,Abhimanyu Iyengar,2688262717
151,46,Nakul Memon,3247716065
152,767,Eesha Mohanty,06014792141
153,37,Chanakya Ravi,5107233987
154,23,Samesh Pal,+914170598340
155,392,Sanaya Kala,06170468480
156,129,Samuel Basu,02201829140
157,796,Ekbal Vyas,3778692692
158,406,Fitan Contractor,9673677619
159,783,Samuel Sibal,07919018105
160,897,George Talwar,+918790745713
161,535,Jeremiah Mittal,02625905521
162,804,Jackson Chakrabarti,6882367441
163,669,Bimala Banerjee,06703407176
164,626,Aarna Boase,3914854654
165,581,Ekani Varghese,+914903604622
166,618,Kritika Nayak,+917689098721
167,537,Zayyan Salvi,0741517685
168,966,Irya Shukla,08511004912
169,215,Meghana Kari,+910656919526
170,314,Janani Pradhan,0497739871
171,505,Vidhi Mander,+914480916689
172,432,Umang Randhawa,+919266052855
173,603,Fariq Lata,0378193437
174,353,Raghav Ganesan,03001569099
175,528,Vaishnavi Doshi,06092589577
176,208,Saksham Goda,00053994506
177,234,Darpan Sridhar,+912887507645
178,641,Vansha Mangat,8672512776
179,610,Devansh Tata,2702002742
180,847,Mason Varma,0435795936
181,452,Alexander Bera,+911980440747
182,366,Mason Kunda,07678386253
183,1000,Meghana Bhakta,+910064694722
184,914,Amaira Arora,07420863306
185,525,Simon Manne,+911339076745
186,406,Yashodhara Raghavan,+914265428012
187,855,Yuvraj Misra,03810660842
188,417,Praneel Sundaram,0386523672
189,497,Sneha Dave,07210796764
190,516,Brijesh Pau,+915712037820
191,308,Aarnav Desai,2750052178
192,246,Upkaar Bahri,03062720005
193,659,Panini Chopra,+912855161901
194,454,Kalpit Mani,2677536780
195,403,Arin Muni,+912867623564
196,919,Vasatika Thakkar,+916858487005
197,438,Ekantika Sahni,+913850624688
198,147,Rohan Khanna,02238311851
199,526,Harita Parikh,+911333232742
200,900,Hemal Badami,+917618674437
201,752,Gaurangi Agarwal,0786903746
202,34,Lajita Gade,02128424936
203,415,Manthan Jain,7025370253
204,988,Varsha Kamdar,+918975126688
205,522,Yashvi Sarma,0044388114
206,26,Yug Garg,+913976230013
207,213,Chaitaly Iyer,+911598666913
208,256,Forum Agrawal,00702259428
209,19,Tara Yadav,+919350199010
210,192,Reva Nadkarni,02873463433
211,910,Gauri Aurora,6034508157
212,724,Simon Acharya,00935895967
213,640,Liam Balan,09538013042
214,384,Nisha Varughese,02307544591
215,777,Utkarsh Dara,+914038670085
216,348,Bhanumati Hayre,07036240360
217,511,Zansi Khare,05860189404
218,964,Chakradev Garde,+914530680108
219,227,Harshil Srivastava,09801965618
220,482,Aarush Manda,06423383053
221,360,Lohit Seth,+917763649271
222,885,Wridesh Tank,6227350022
223,735,Oliver Gole,2629829732
224,756,Onkar Kaur,9966530855
225,846,Anya Tailor,05335375187
226,294,Ladli Wali,3941494822
227,374,Vyanjana Nanda,9809521512
228,382,Ubika Gola,2632342315
229,324,Chatura Banik,07414853541
230,174,Arunima Mukhopadhyay,1260323377
231,929,Chakradhar Dora,00179498289
232,930,Ekiya Deshmukh,+910487891424
233,353,Harish Nagi,+916886095923
234,897,Pushti Zachariah,5944934211
235,86,Kiaan Subramanian,5771979333
236,946,Samuel Kapoor,+912502854316
237,211,Geetika Nair,+918103158442
238,488,Chakradev Raghavan,7221285294
239,881,Vinaya Natarajan,9282748737
240,358,Imaran Sawhney,9693170734
241,844,Harini Munshi,06878749195
242,41,Osha Nayar,07863455146
243,95,Ishani Kar,+915484096876
244,768,Finn Vaidya,7488254335
245,184,Tamanna Sarraf,09947216973
246,166,Wriddhish Dutt,+919622558591
247,108,Sai Kar,+918331215177
248,989,Tarak Gade,2980054272
249,928,Pratyush Deshpande,+919632930702
250,888,Kashish Bir,08304231577
251,540,Priya Kant,2019371226
252,985,Girish Bains,02348734180
253,312,Yashvi Mander,1932945920
254,228,Amrita Srivastava,9215306182
255,143,Oscar Lad,+918401978645
256,134,Udant Virk,03282131350
257,335,Warjas Bhalla,4586593274
258,790,Bhavika Kata,9468500063
259,195,Ojasvi Panchal,+914029192742
260,791,Arunima Loke,00015966556
261,721,Advaith Pradhan,+919428956672
262,383,Gaurika Vora,2550499474
263,147,Lakshit Bhat,9845888046
264,941,Neel Deep,2792002319
265,210,Ira Subramanian,07697598490
266,473,Elijah Konda,08607440972
267,393,Jack Kothari,07611861712
268,63,Matthew Goyal,09554862217
269,874,Radhika Chander,03502792301
270,806,Ekantika Shankar,+919290964370
271,74,Nachiket Mangal,00417632495
272,376,Yutika Morar,+918518730710
273,800,Yoshita Narain,2836269129
274,762,Kavya Ratti,+911549358238
275,621,Gopal Edwin,05298541527
276,5,Nisha Gera,+913648534873
277,329,Madhav Madan,1151465643
278,89,Priya Samra,+912945666454
279,893,Nachiket Bansal,7571035988
280,74,Upkaar Nazareth,04504518777
281,532,Faris Nazareth,04270451547
282,907,Hema Kala,03444794928
283,900,Harsh Sachar,5256906514
284,203,Eesha Saraf,8051959991
285,522,Jagat Khare,+917980815155
286,170,Atharv Sane,07066395601
287,475,Daksh Upadhyay,6854190073
288,403,Sathvik Malhotra,01296064939
289,660,Indira Chander,09833951645
290,915,Shravya Raval,06470975555
291,504,Krish Keer,+910644542050
292,105,Yash Vig,+915490623282
293,734,Zarna Goda,+914556051044
294,7,Rajata Murty,8454151471
295,918,Harshil Dhawan,+918577788546
296,594,Dalaja Solanki,+910748278600
297,412,Aadi Kadakia,+915244757663
298,241,Nihal Bandi,3233472535
299,873,Jason Shan,7285340731
300,579,Tanish Shroff,07051186174
301,424,Wakeeta Tailor,1265323835
302,612,Udyati Kari,02115936439
303,589,Rayaan Toor,09238004930
304,304,Tamanna Kothari,+912898895509
305,202,Praneel Kata,+912254445094
306,753,Wridesh Gala,02066311749
307,375,Neel Pathak,0121296084
308,498,Mekhala Gulati,03800265727
309,532,Lakshmi Johal,9408529097
310,260,Jacob Chaudhuri,2341835789
311,364,Sanya Morar,08085834393
312,399,Ryan Nanda,03127851912
313,262,Wyatt Jani,+919301804907
314,960,Vasudha Sane,+912564746167
315,946,Gagan Kunda,07990899277
316,149,Owen Misra,+918830187425
317,766,Anya Sarraf,00107039582
318,529,Wriddhish Varty,6696610315
319,205,Ayush Sinha,8719898968
320,309,Sara Mander,7521123947
321,940,Ganga Bhatti,+919242168289
322,504,Oviya Gill,3492189776
323,978,Ati Mukherjee,+910741780064
324,351,Kamya Borra,+910963124527
325,992,Gautami Nagi,8034383567
326,941,Chatura Yadav,+912947298270
327,46,Keya Pradhan,05606868705
328,462,Victor Anand,+918434989083
329,507,Ubika Khalsa,05722108951
330,531,Irya Sachdev,1851767246
331,324,Isaiah Suri,+913568194001
332,787,Jagvi Pillay,04594303864
333,960,Jatin Nadig,03175901343
334,603,Xalak Ranganathan,6508579310
335,603,Qushi Pai,1047284622
336,48,Dalaja Aurora,01235884646
337,318,Raksha Kashyap,1102825541
338,567,Banjeet Bal,0086458623
339,788,Ganga Barman,+911547231961
340,928,Liam Lad,+913293873955
341,209,Riya Johal,3031121967
342,732,Ekansh Char,06361449515
343,719,Krishna Pillay,5062659958
344,999,Samarth Dhawan,+917650906396
345,66,Victor Banerjee,+918132830206
346,91,Xalak Badal,1973238844
347,614,Prisha Tandon,7659865226
348,236,Rehaan Apte,06275643603
349,896,Upkaar Tella,7168378488
350,90,Wyatt Bhatt,4661048212
351,965,Shivani Shukla,+913179841128
352,21,Chatresh Sharma,+919970459993
353,603,Frederick Bal,06722851191
354,968,Oscar Viswanathan,03741184604
355,761,Abdul Badami,00290953482
356,522,Jason Gala,02006693720
357,385,Damini Halder,1406116565
358,758,Chandresh Narayanan,1218408573
359,437,Quincy Purohit,2470943342
360,402,Ikbal Chandran,02277566443
361,924,Irya Varty,08436986883
362,913,Vanya Swaminathan,05701667655
363,64,Urvi Shanker,07757365660
364,488,Anjali Bail,01084845041
365,339,Sathvik Purohit,0353437742
366,797,Nicholas Ramakrishnan,7532248663
367,911,Isha Chokshi,1412244499
368,366,Yashodhara Gopal,+912489517297
369,544,Gabriel Sawhney,7135347067
370,788,Avi Basak,2124959104
371,499,Vrishti Kala,2628835730
372,971,Darsh Parsa,1735673546
373,28,Chaitanya Batra,+917213853869
374,216,Udant Verma,5535148555
375,373,Darika Lata,9627480594
376,770,Jagat Dass,6339520547
377,574,Varsha Khalsa,7616378749
378,134,Widisha Morar,4927021021
379,95,Pranit Bal,00437266883
380,534,Ira Tella,09772594720
381,367,Sudiksha Bhatia,03353740389
382,707,Laksh Sandhu,03426875854
383,273,Mohammed Dua,5432229439
384,430,Fitan Shenoy,09412636840
385,957,Ryan Dani,+911476134770
386,70,Baljiwan Tara,7351517403
387,577,Kritika Bansal,04389968610
388,91,Dalaja Boase,8931322347
389,469,Michael Vohra,+913975288327
390,197,Mason Merchant,2580795570
391,727,Ubika Pal,+913134429015
392,371,Rushil Bhardwaj,+913869819348
393,297,Zinal Hari,+912899904831
394,640,Chaitaly Dar,+919234126640
395,900,Widisha Bali,08507429560
396,179,Chaitanya Purohit,+911602442494
397,475,Dakshesh Suresh,03030239179
398,196,Radha Khanna,06072819731
399,183,Sai Nadig,07737302347
400,753,Qushi Modi,04970392489
401,484,Jack Subramaniam,+915658261706
402,898,Veda Tank,04852554332
403,34,Vedant Mitra,+913333153043
404,839,Jonathan Devi,9655117243
405,333,Christopher Shanker,7566140952
406,394,Kevin Lata,04934705663
407,961,Kiaan Bala,7802278630
408,980,Daksha Kamdar,+911503702595
409,140,Girindra Bhargava,+914555810209
410,46,Ronith Chokshi,02414107751
411,775,William Kothari,+918469615387
412,848,Dakshesh Banerjee,+915719862605
413,287,Frado Lad,03748083285
414,166,Widisha Krishnan,01109332064
415,674,Zarna Krishna,8358992297
416,412,Dev Kala,09412961974
417,597,Qadim Kanda,+915580715368
418,280,Sanya Lall,9187902716
419,74,Gavin Dhingra,2574678388
420,625,Banjeet Thakur,00511208908
421,683,Aashi Nanda,7544864839
422,660,Liam Pall,08003173849
423,166,Qadim Subramaniam,+910006486341
424,115,Matthew Narayanan,05892192924
425,902,Charvi Kade,05279259397
426,266,Wishi Kakar,+918568312518
427,9,Rajeshri Kota,7879204254
428,620,Eiravati Talwar,1014180978
429,580,Leena Mistry,+912597785148
430,450,Zayyan Bhalla,08473030567
431,534,Netra Doctor,07455812863
432,231,Chandran Patla,+915245630163
433,913,Priya Badal,6211397616
434,453,Siddharth Kashyap,+918291678381
435,715,Yachana Natt,8158501689
436,708,Jeet Barad,+918106433637
437,260,Yash Chopra,08249338384
438,825,Anjali Rau,+910393925928
439,639,Gunbir Gola,5209040211
440,897,Krishna Mall,07309546659
441,363,Teerth Prabhakar,1356659275
442,334,Mohini Sen,4809591179
443,237,Vidhi Master,9927342237
444,832,Viraj Bandi,2699743403
445,665,Warjas Manda,+910290319506
446,799,Siddharth Sangha,+911670340349
447,939,Nitesh Mangal,+912237106487
448,491,Kevin Sethi,+919014249830
449,245,Nikita Lanka,06180333675
450,634,Bhavani Palan,+913914363128
451,358,Advaith Tandon,+918927423024
452,393,Kamala Korpal,+916143746448
453,294,Sudiksha Kothari,9048271605
454,547,Mahika Taneja,01155912929
455,995,Wakeeta Yohannan,1347259157
456,634,Ronith Ganesan,9987400913
457,629,Ira Shukla,08042975410
458,926,Falak Goda,5002218405
459,436,Omaja Gaba,3347719254
460,930,Azad Dutta,+918347018162
461,76,Garima Chahal,+911340330006
462,716,Ryan Raju,+917943723134
463,197,Wriddhish Dave,00089431330
464,663,Ucchal Doshi,7808527693
465,778,Ira Dora,+912901093306
466,798,Jalsa Prakash,00616689214
467,548,Faraj Sha,07750910684
468,430,Sara Konda,+917542871771
469,431,Udyati Vig,0913578453
470,548,Triveni Thaman,+916360442212
471,593,Chatresh Talwar,01018196400
472,484,Vanya Konda,6725655281
473,830,Krishna Yohannan,+915976694827
474,897,Ekani Bath,8613899564
475,624,Saanvi Kapur,3314751345
476,531,Ijaya Banik,+917141695244
477,613,Jai Gupta,+914807326245
478,455,Amaira Deshpande,0099705770
479,195,Ati Bhardwaj,02986517641
480,985,Upasna Nigam,+911625739900
481,591,Vrinda Bal,8416193325
482,151,Vidhi Panchal,+918732181572
483,517,Advaith Peri,+914422154737
484,123,Kamala Konda,+910736831520
485,606,Kamala Sastry,02903218452
486,885,Oni Peri,+913812368309
487,41,Charles Ratti,+917441688758
488,177,Idika Chakraborty,3211722027
489,202,Jagrati Chad,01460541308
490,441,Leela Choudhary,+915740895096
491,735,Brinda Nori,6073280695
492,602,Dakshesh Nori,+916450085439
493,114,Mekhala Thaker,04703493516
494,760,Libni Chad,07161289018
495,386,Netra Bali,8129896434
496,462,Qasim Koshy,08390750262
497,144,Aarav Venkatesh,09383886356
498,899,Brinda Gade,5199699953
499,812,Garima Iyer,0165683386
500,724,Eesha Reddy,1800254865
501,409,Raksha Thaker,9834613846
502,873,Warhi Kapadia,+916839596834
503,451,Warjas Varughese,2032133147
504,254,Ikshita Jayaraman,05413886212
505,547,Radha Mann,4934230486
506,218,Jagvi Bakshi,05637269343
507,292,Caleb Mann,1436726025
508,541,Jagrati Chahal,+914044149462
509,507,Kai Bose,4964334055
510,132,Isaac Nagarajan,05402848479
511,286,Bishakha Nagarajan,+912711457051
512,215,Udant Guha,9277542440
513,961,Hritik Sangha,9067345560
514,642,Suhani Trivedi,06786705013
515,47,Adya Modi,4142089850
516,702,Raksha Bala,1106975152
517,621,Ishaan Shanker,+911538222982
518,378,Omaja Seshadri,+918661247672
519,91,Tanmayi Chakraborty,00144531941
520,360,Eta Chanda,+913982031169
521,791,Ganga Bhagat,03131380604
522,500,Christopher Ramesh,+913263711212
523,864,Gayathri Banerjee,4982993131
524,785,Hritik Aurora,+916042077881
525,976,Upasna Venkatesh,+910301615570
526,142,Fitan Yohannan,+911335873314
527,579,Varenya Naik,03201138852
528,331,Aachal Mitter,06620069389
529,546,Manbir Lad,8162519731
530,617,Diya Balan,6017057091
531,19,Chakradhar Kashyap,8661312681
532,936,Aahana Mall,06356792968
533,412,Samaksh Raju,9768632762
534,486,Sneha Dhar,06310519689
535,361,Ekaja Parikh,+919117791150
536,469,Hemang Bera,+914413333437
537,472,Watika Naidu,8091529819
538,77,Radha Borde,0814161438
539,646,Ronith Pal,2326793888
540,157,Indali Biswas,+916008004724
541,971,Chandresh Borde,09356723204
542,59,Urishilla Panchal,0891526718
543,595,Zehaan Raghavan,00536454564
544,95,Amrita Dhar,00862849189
545,377,Bhanumati Ramanathan,04905999656
546,375,Rachit Goyal,02873813580
547,529,Wahab Verma,1461160274
548,308,Onveer Gera,+917906536004
549,654,Henry Mitra,2719977440
550,130,Jyoti Dube,01646369613
551,606,Indali Mahal,04597140873
552,178,Arya Chandra,+912656598255
553,429,Saumya Venkataraman,06627280963
554,305,Bhavani Nadkarni,+910856589008
555,445,Shivani Salvi,02089698164
556,972,Gautami Nadkarni,05782021899
557,911,Yutika Ghose,3067059547
558,1000,Gunbir Barman,+910384265518
559,581,Praneel Salvi,2660979226
560,489,Sai Raval,06202263269
561,145,Diya Seth,06407223075
562,930,Finn Menon,01023356455
563,652,Yuvraj Oza,01127185914
564,289,Balvan Bakshi,05814698967
565,97,Balveer Bhandari,00968861157
566,52,Yochana Chandra,3696146721
567,536,Imaran Lad,05828217402
568,469,Pavani Babu,3126485618
569,368,Krisha Date,+919438255709
570,100,Maanas Gade,08050209259
571,176,Udarsh Upadhyay,+910790462563
572,389,Chavvi Merchant,9265158158
573,281,Zayan Dani,7655436927
574,888,Yashoda Gade,+919852652545
575,761,Liam Khare,07423409560
576,661,Arin Natt,6331318122
577,320,Umang Vohra,02686236144
578,230,Hemang Chakraborty,7817067578
579,70,Kashvi Pandya,03292549085
580,687,Ranveer Agarwal,+918138777200
581,833,Upkaar Bhavsar,2891201242
582,959,Naveen Dalal,+915035800964
583,381,Panini Ghose,03392884628
584,622,Tanvi Behl,03109071969
585,106,Kiaan Bera,03321650844
586,620,Abeer Murty,02184193667
587,36,Gayathri Sarraf,8814017888
588,947,Vihaan Sarna,08049115501
589,162,Ayaan Nagi,0043060145
590,24,William Pandey,0347754334
591,573,Advaith Rattan,04620506149
592,343,Zehaan Wali,+918478202247
593,514,Vasudha Rajagopal,+918906225125
594,27,Yamini Chaudhry,09362282496
595,248,Anthony Sama,+914236403573
596,155,Warinder Sangha,09139429122
597,891,Girik Kanda,+918893828664
598,432,Sachi Ratti,9114257012
599,759,Nisha Chad,3111444785
600,333,David Shukla,3723435063
601,503,Qushi Bajaj,+919776118898
602,274,Kevin Mallick,+918621388290
603,127,Onveer Natt,+919612204753
604,771,Rachit Varghese,06240950878
605,387,Manthan Golla,6156412188
606,134,Dayamai Dhar,9635127922
607,374,Tara Bains,02754191595
608,602,Devansh Chana,+911183965805
609,339,Tanay Sha,+917078439439
610,560,Chandran Warrior,5529604800
611,207,Zarna Sabharwal,+914714264110
612,621,Adweta Kurian,6460342092
613,132,Qushi Pradhan,09453579348
614,899,Vrinda Rai,+914453250588
615,800,Niharika Date,+915921433953
616,684,Ekavir Jaggi,5687885191
617,384,Triveni Sagar,0987235571
618,977,Bachittar Kashyap,06470447115
619,270,Manbir Pai,08091867543
620,60,Upasna Bumb,+915792172867
621,747,Charita Varma,4222783110
622,854,Yagnesh Mahal,02855158002
623,486,Vasudha Saran,+916378612099
624,65,Sudiksha Patel,8657079846
625,837,Abeer Pandya,08219141879
626,18,Kiaan Roy,+919212001480
627,356,Yashodhara Subramanian,01070130973
628,654,Tejas Toor,4575017666
629,709,Pallavi Saran,+912508575933
630,942,Sachi Puri,+912926603535
631,581,Nisha Din,2458446326
632,806,Triya Sachdeva,01563650921
633,979,Dhruv Badal,0745259610
634,959,Damini Soni,05577042708
635,372,Timothy Sinha,+916236814706
636,529,Odika Ganguly,06692234895
637,862,Yamini Wagle,3086402709
638,214,Naksh Mistry,03809513687
639,340,Pallavi Kumar,09513889053
640,569,Henry Luthra,+918070742909
641,296,Balvan Chandra,05839509173
642,918,Waida Sani,5306690130
643,175,Pushti Badal,00904041270
644,602,Ekavir Khosla,+912790537661
645,365,Jeremiah Bora,3640933268
646,660,Liam Jani,09738987978
647,558,Chaitanya Sheth,+916588092805
648,73,Manbir Lalla,7109462595
649,783,Tara Sarna,+912978250891
650,162,Oliver Sani,+910804609842
651,670,Kashvi Nazareth,01383361271
652,394,Jagat Babu,07239190283
653,319,Samarth Randhawa,7280097111
654,419,Dalbir Mitter,2818797017
655,247,Avi Singhal,4244299729
656,294,Praneel Mangal,09675072119
657,446,Jeremiah Lalla,08517953061
658,716,Eshana Chacko,+913904756491
659,297,Brijesh Bala,7794038585
660,416,Ganga Kant,6831257766
661,183,Guneet Rau,00164145576
662,845,Ansh Khosla,4872986445
663,494,Sneha Bala,2925552895
664,999,Chandani Dhaliwal,0350448264
665,871,Viraj Goyal,+917949733627
666,929,Nathan Arya,3335174742
667,929,Odika Barad,+915757894778
668,25,Kabir Saha,8025880771
669,784,Noah Varkey,5687093742
670,692,Girik Bhandari,00695349052
671,918,Ishita Raman,3237755795
672,646,Idika Walia,02623144779
673,616,Januja Mallick,6526224452
674,946,Aarna Chauhan,6817666550
675,425,Owen Balakrishnan,+910239345828
676,646,Bhavini Gala,1992482650
677,982,Aashi Raju,+915199195052
678,721,Laksh Dutta,+912496950370
679,943,Raksha Banik,8943092099
680,68,Bhavika Murthy,+918812415840
681,218,Lakshit Agate,9182430908
682,512,Simon Dalal,+916709542898
683,209,William Devi,+916692096180
684,272,Ethan Dhar,3951200717
685,469,Varsha Ravi,9867484025
686,711,Mason Sachdev,08908759777
687,536,Anjali Tailor,05119059603
688,309,Urvi Om,+919154056340
689,224,Nihal Sethi,+919790540331
690,573,Peter Kothari,8243346468
691,251,Chaman Bhatnagar,6777922408
692,218,Advik Bhasin,+910837824936
693,577,Chavvi Madan,2572029755
694,609,Urmi Chaudhuri,09383251243
695,362,Devika Pillay,04841670513
696,794,Harshil Bumb,03440524779
697,398,Watika Mistry,5499329920
698,644,Bishakha Kakar,+915633120615
699,235,Pranit Hari,4754535958
700,569,Yashica Badami,06450098546
701,398,Damyanti Mital,04086058693
702,691,Dipta Varkey,+918643123327
703,497,Samar Bobal,+910274372122
704,621,Saanvi Bhalla,+911734442850
705,208,Falak Sharma,9046693080
706,140,Rehaan Sandal,1025379358
707,142,Devika Singh,9564394423
708,255,Maanas Bahl,1778215559
709,660,Sachi Walia,05825056482
710,548,Nidra Gour,+919097282454
711,799,Ira Vala,+911967579081
712,658,Balveer Verma,09311446884
713,248,Kritika Sarna,08117270656
714,281,Ekalinga Chakraborty,3692387955
715,492,Jagat Char,+911145688895
716,116,Shravya Kata,02748805205
717,115,Neelima Sama,04207041048
718,743,Amol Dada,9337146038
719,345,Wahab Keer,+918727270053
720,300,Edhitha Sanghvi,+915402376556
721,693,Krish Mann,+911033054318
722,560,Arya Yadav,03275957779
723,619,Harini Arora,06879059674
724,698,Barkha Baria,+915935367116
725,907,Hemani Bose,4807144565
726,511,Sarthak Issac,08751659472
727,683,Ubika Lalla,9490002477
728,194,Gautam Chandran,+914203158223
729,733,Upadhriti Lata,09246277080
730,220,Chaitaly Mani,09942666048
731,755,Kala Mishra,01732969984
732,489,Yoshita Divan,00650275064
733,440,Anika Mitter,7178110383
734,464,Ijaya Tiwari,09112878182
735,957,Kamya Srinivas,2343606225
736,667,Eta Raman,1942557125
737,317,Jai De,05816310255
738,541,Andrew Bhagat,+917802823240
739,323,Dhruv Parmar,8060477527
740,279,Vasana Sharma,8820472391
741,913,Vasatika Chada,+915471521893
742,851,Viraj Guha,+919373118647
743,894,Zashil Ramaswamy,09149641576
744,291,Nicholas D’Alia,3614610267
745,780,Pranit Srinivas,+917058571635
746,495,Tanveer Mannan,+911097108945
747,844,Kamya Sura,+915304173621
748,130,Ijaya Kota,4756659386
749,281,Ekta Samra,2249080221
750,425,Chakradev Sachdev,+912418913525
751,75,Abhiram Dani,+912317972901
752,914,Madhav Soman,+911540770549
753,96,Vidhi Wali,08619716047
754,194,Simon Baria,02310741402
755,856,Shravya Barad,+913106574384
756,786,Patrick Vasa,+919577829493
757,59,Gautami Pal,8709775151
758,981,Maanav Date,+914789094908
759,560,Harrison Oza,02911357419
760,851,Patrick Dani,9572091374
761,587,Bhanumati D’Alia,00650026700
762,780,Aadhya Chanda,6489452014
763,104,Fiyaz Tandon,3861351054
764,286,Jai Zachariah,3443417403
765,860,Patrick Datta,09442366608
766,674,Neel Dada,05344521694
767,275,Urishilla Bajaj,3564853026
768,371,Tristan Kapur,+913756324327
769,461,Mohammed Saha,1584185542
770,999,Zaitra Sha,+914976883333
771,458,Tarak Ranganathan,+910454581231
772,906,Inaya Cherian,+912102222635
773,416,Chavvi Natarajan,+911577334707
774,397,Anvi Thakkar,7210385036
775,486,Robert Sagar,+912729350496
776,135,Rayaan Mane,8221252566
777,623,Faras Apte,+910195550057
778,352,Rudra Sarkar,03015237589
779,502,Zinal Venkatesh,02833095568
780,954,Quincy Kara,1027778328
781,923,Gagan Minhas,3678056307
782,664,Utkarsh Saxena,1050248526
783,568,Bhavya Choudhry,+911681637911
784,635,Yasti Malhotra,7626181479
785,133,Rudra Rastogi,5298976492
786,630,Samuel Sastry,3352325359
787,227,Robert Bhat,06839639460
788,553,Rudra Deol,6178521703
789,699,Yashawini Sharma,09691734607
790,8,Unnati Sethi,05429550079
791,289,Rushil Nath,+915195059142
792,723,Wahab Pai,00202826767
793,485,Hemani Oza,4788847787
794,373,Mitali Kumar,6340773983
795,824,Harrison Kalita,2166275061
796,861,Krishna Mandal,+913011989114
797,392,Yug Badami,+914107156106
798,850,Chaitaly Venkataraman,+913603726872
799,917,Mohini Master,+917047613339
800,905,Prisha Pant,+910552963451
801,230,Warinder Pai,02266332770
802,710,Nidra Sunder,+911934388291
803,102,Lucky Lala,5722496970
804,744,Suhani Chhabra,5338144860
805,200,Aachal Patla,00457782540
806,659,Faras Rau,04115947102
807,428,Zehaan Barad,00372814519
808,196,Aayush Bhakta,6403906734
809,365,Aahana Bath,08871274091
810,952,Omkaar Reddy,03302090399
811,306,Ishani Bansal,+916409957236
812,214,Luke Chhabra,8874127151
813,8,Karan Sahota,7677249111
814,649,Yashodhara Choudhury,6340785914
815,820,Shivani Parekh,+919708030520
816,812,Panini Vig,1098101395
817,514,Mitesh Parmer,8347705155
818,182,Leena Pai,+915815155003
819,515,Zehaan Patla,04347856834
820,214,Gaurangi Acharya,02291238790
821,269,Simon Rana,7851828448
822,573,Ayaan Hari,5437505252
823,704,Adya Bumb,+916228577723
824,740,Ranbir Narain,04248435858
825,904,Aarush Yogi,07215672393
826,587,Yochana Pillay,06856748564
827,927,Vivaan Ramesh,08132254963
828,124,Ojasvi Khanna,+911631973444
829,692,Turvi Dube,01282747997
830,104,Chandani Bhatnagar,01972583854
831,284,Eta Dhawan,+918657040439
832,207,Aarini Kar,05457222887
833,6,Alexander Mand,08615401862
834,375,Nimrat Kalla,+912746966501
835,864,Sudiksha Mohan,03950273864
836,67,Radha Nanda,5102136957
837,748,Daniel Wadhwa,+919393353115
838,633,Yoshita Gola,09379607508
839,612,Jyoti Anand,01295581561
840,596,Bhavna Memon,1638862933
841,703,Garima Sandhu,3590698410
842,25,Daksh Soman,05208712175
843,334,Omkaar Sibal,04779038632
844,601,Amol Sidhu,+917582776180
845,821,Hardik Batta,3281799927
846,47,Warda Shah,+911392865808
847,946,Vaishnavi Prabhakar,+918640212229
848,232,Ubika Seshadri,9719370373
849,935,Harrison Jhaveri,04847045340
850,949,Zansi Tank,07579207622
851,266,Unni Atwal,06532474400
852,587,Barkha Bandi,1038888776
853,938,Neel Yohannan,02837007142
854,289,Yashasvi Mody,6225890143
855,467,Yatan Contractor,+915870519546
856,497,Kai Kakar,04329634023
857,653,Yash Lalla,+916145079097
858,633,Tanmayi Buch,7697680636
859,531,Omkaar Parmar,2075458423
860,978,Darsh Sahni,9543863627
861,701,Yashodhara Suri,1400260392
862,70,Vincent Mani,+910260560229
863,696,Devansh Thakur,+917153053478
864,226,Jason Wali,00963989805
865,912,Aachal Chokshi,6989777811
866,736,Veda Bedi,+912410304232
867,379,Raagini Hegde,6010275568
868,149,Ekaja Barad,+910862833710
869,433,Bhavna Bera,8858840855
870,227,Nachiket Raj,+913245018518
871,227,Wakeeta Kar,8204716535
872,489,Gaurang Chahal,06475223818
873,281,Sara Goswami,04990507938
874,907,Ekavir Arya,8837927421
875,239,Nisha Batra,08791453800
876,667,Manya Rajagopalan,00116412536
877,726,Shivani Pingle,+913639019715
878,423,Devika Shere,+912720200051
879,350,Tripti Pingle,+916987386387
880,488,Pushti Chatterjee,4876958862
881,812,Falak Wable,+912844466286
882,165,Samarth Mittal,+911275856610
883,829,Anjali Bhasin,+913273371279
884,526,Turvi Borde,1691935789
885,448,Chaaya Dutta,1459072783
886,654,Anmol Sane,+911467460690
887,146,Aryan Hayre,+918323525101
888,756,Warinder Deshpande,+918119784039
889,130,Harshil Sachdev,09063934311
890,250,Tamanna Pingle,06341104694
891,390,Harish Konda,8793811046
892,562,Aahana Koshy,+914210085721
893,91,Tripti Lalla,+911621286996
894,705,Anirudh Hegde,09086513411
895,464,Sai Apte,00348754801
896,216,Gaurangi Khalsa,0627789109
897,251,Zansi Sane,5212154213
898,237,Sarthak Chana,06132414151
899,417,Abhimanyu Kade,00365380870
900,609,Warhi Anne,1986934725
901,708,Yash Gopal,04325498994
902,815,Eesha Balan,03239554246
903,294,Divya Uppal,03777746913
904,397,Siya Sachdev,9591085839
905,958,Anthony Cherian,02400522554
906,555,Ekantika Malhotra,06940929333
907,691,Laksh Anne,7526187167
908,598,Yatan Shan,00821845214
909,537,Saumya Rattan,02249266947
910,228,Alexander Reddy,+910855104111
911,238,Oviya Saran,1956106301
912,760,Rushil Bose,2297995820
913,435,Vasatika Mittal,06246965254
914,607,Chandran Dani,+917887677111
915,411,Vinaya Chada,+919702931427
916,957,Kashvi Madan,03605532955
917,17,Tarak Kashyap,8824736419
918,148,Dhriti Dalal,07530533689
919,58,Prisha Balan,03321237353
920,76,Garima Setty,5958009042
921,655,Fariq Babu,+918754709269
922,950,Dhriti Chaudhari,03795657012
923,755,Azad Pai,00082165733
924,985,Chandran Pathak,06584663610
925,35,Jason Apte,+916089369044
926,705,Daksha Pai,5825621246
927,531,Wishi Mital,03929942954
928,886,Chatura Saini,03787050680
929,707,Charita Oza,5573758656
930,23,Ekiya Arya,8814810688
931,770,Chaitaly Palla,+918227874572
932,762,Qadim Grover,02265350241
933,167,Samaksh Sharaf,+910197535671
934,813,Indira Bains,03293580954
935,573,Meera Chokshi,+910033274482
936,983,Eiravati Chad,02260676691
937,548,Edhitha Shankar,7054492636
938,164,Bhavika Dugal,05481390135
939,516,Charan Singhal,+919332676615
940,953,Amara Tailor,3536732238
941,245,Rayaan Bali,07415751760
942,915,Odika Wadhwa,08559759829
943,745,Urvashi Kohli,03590234138
944,231,Kala Kata,2045272054
945,963,Zehaan Bansal,4023268715
946,144,Arjun Thaman,08406030446
947,987,Varenya Pai,08097214143
948,640,Urmi Oommen,08333994498
949,324,Nachiket Chatterjee,02803636810
950,42,Wyatt Kapoor,08308622960
951,714,Vrinda Atwal,05019414603
952,315,Daksha Chhabra,+913930595193
953,645,Anvi Dass,08970461099
954,868,Nidhi Arora,01376098135
955,956,Januja Desai,+916030923897
956,304,Wyatt Bail,+912671386475
957,930,Janaki Chand,08922796559
958,524,Rishi Jha,02676241261
959,926,Advay Khanna,05377857427
960,37,Rehaan Balasubramanian,00808365560
961,439,Sanya Kata,0600066580
962,152,Elijah Ramanathan,02352185661
963,317,Damini Amble,6063526244
964,1,Tanay Talwar,05962418883
965,215,Tamanna Parikh,05213802507
966,542,Indrajit Patla,07710545912
967,914,Yochana Sem,+917950406493
968,960,Tristan Choudhry,3105072053
969,894,Chasmum Chaudhry,0413944921
970,874,Aditya Sood,07428795997
971,256,Michael Lall,7722382701
972,527,Vedant Chadha,08889411600
973,471,Manthan Halder,09366498580
974,720,Ladli Malhotra,6473897961
975,579,Upasna Sachar,6614029864
976,920,Ekansh Purohit,04883510966
977,629,Bhavna Arya,+918135786546
978,741,Anirudh Bahl,+912888991039
979,561,Parth Pandya,+916617573503
980,297,Anya Gola,6197800851
981,348,Ekiya Chana,3616219814
982,464,Sarthak Buch,5322806621
983,440,Dhruv Taneja,+913262345489
984,862,Gaurika Yadav,01638680865
985,504,Dominic Chander,+912027148548
986,643,Vritti Narain,7485813991
987,705,Kala Bahri,+916826584500
988,617,Janani Lad,08066711957
989,61,Logan Bajwa,+919555963235
990,563,Frado Mahal,08973509088
991,142,Anya Konda,6527785370
992,815,Unnati Dora,+912711261136
993,274,Yamini Samra,+919387851365
994,180,Qadim Raman,+915943466838
995,205,William Bhatti,8376349979
996,100,Unni Rastogi,+916679289149
997,797,Maanas Kanda,5111958735
998,835,Maanas Andra,8122465998
999,772,Qasim Chandran,0105761688
1000,849,Amruta Dey,1652173450
1001,105,Xavier Ranganathan,08753695753
1002,216,Unnati Ramachandran,01793504785
1003,795,Avi Yadav,01905089686
1004,338,Oeshi Dubey,06607282225
1005,859,Veda Talwar,06429550661
1006,733,Chandran Nori,+919971919197
1007,922,Oviya Dayal,8265021936
1008,413,Alka Thakkar,08497117858
1009,146,Teerth Bora,+917640633965
1010,6,Oscar Prakash,2280113507
1011,806,Sarthak Solanki,4302840214
1012,191,Chaitaly Dasgupta,+917997921964
1013,74,Joshua Vohra,2268665450
1014,102,Chakrika Sura,01995516673
1015,548,Nachiket Sarraf,+913932137179
1016,833,Fariq Kaul,+912060463299
1017,369,Oscar Mani,+914991018565
1018,842,Champak Bali,05698917145
1019,937,Dominic Mukhopadhyay,06789119970
1020,62,Damini Purohit,07806157158
1021,487,Sai Bhatia,+912088948902
1022,123,Vinaya Oak,7379355391
1023,573,Unni Seshadri,05782104363
1024,723,Patrick Saha,+917698156350
1025,165,Saksham Hayer,06438196827
1026,193,Ekapad Hayre,01444034809
1027,375,Vedant Datta,07991615428
1028,280,Harinakshi Nadkarni,+913648049858
1029,714,Dominic Varty,9119778384
1030,408,Chandran Kanda,08585435444
1031,269,Neelima Krishna,+915432938930
1032,175,Ria Ratti,9669708855
1033,742,Rushil Kara,02757328241
1034,65,Om Iyengar,+919003704057
1035,561,Pooja Singhal,+910181300986
1036,703,Saksham Kamdar,+918343486753
1037,937,Oscar Tripathi,+911407865756
1038,651,Balendra Kumer,3727498611
1039,265,Idika Keer,+917335935200
1040,94,Om Kumer,0012320575
1041,750,Yahvi Setty,+916085182663
1042,540,Riya Rau,03024495941
1043,8,Upma Kapoor,0232458294
1044,56,Raghav Ahluwalia,01168453883
1045,850,Xalak Jaggi,5476390309
1046,750,Zinal Saran,00414781011
1047,904,Chasmum Mann,+912161901505
1048,385,Vasana Swamy,+913248822239
1049,489,Rajata Gala,7313456975
1050,501,Krishna Mohan,09847895134
1051,466,Peter Date,+918585361752
1052,647,Vasatika Parekh,+910447900835
1053,576,Vinaya Wable,3227097910
1054,545,Veer Naidu,+915579847159
1055,867,Bhavini Nadig,00617802835
1056,29,Ridhi Majumdar,8864049339
1057,38,Orinder Sengupta,2474347418
1058,54,Shivani Parikh,06652147251
1059,858,Vansha Modi,+917472056124
1060,497,Lekha Mangal,09610711216
1061,674,Mugdha Gala,+919702723240
1062,679,Kashvi Modi,+911226270354
1063,889,Alka Sami,09650989800
1064,846,Amruta Palan,+912145511277
1065,652,Qasim Atwal,+917896785510
1066,402,Caleb Dave,06878831076
1067,497,Prisha Kar,03797900799
1068,19,Rachita Sheth,03398557084
1069,205,Ayaan Bajaj,1100651930
1070,475,Mitesh Datta,7810469188
1071,77,Prisha Edwin,2276280300
1072,497,Damyanti Lal,07154984898
1073,883,Krishna Wali,+917705055615
1074,541,Tamanna Nori,2886525531
1075,551,Balveer Chowdhury,+918769842862
1076,26,Gaurangi Parekh,+914054609711
1077,493,Siya Kothari,8323998410
1078,92,Harsh Srivastava,08354803197
1079,981,Alexander Trivedi,3812636594
1080,460,Anvi Devan,9697877119
1081,288,Hardik Prabhakar,8242046457
1082,992,Adya Luthra,+914336552463
1083,362,Aarna Ganguly,+918427116080
1084,959,Azad Karpe,07400029597
1085,645,Deepa Nori,02218166425
1086,350,Harita Mani,+911366936967
1087,485,Jagat Dhingra,5140652468
1088,195,Shivansh Agrawal,3452472592
1089,775,Chavvi Nazareth,2434125449
1090,992,Indrajit Saxena,00416509197
1091,872,Girik Pal,02024837864
1092,375,Amara Dalal,+912246694561
1093,703,Eiravati Gera,02120726383
1094,285,William Aurora,+919783724503
1095,641,Eshana Trivedi,9710914405
1096,65,Shivansh Krishnamurthy,00933564262
1097,371,Gunbir Krishna,07032247582
1098,990,Hemangini Dhaliwal,08816154748
1099,585,Yash Kashyap,2106862146
1100,435,Idika Chowdhury,+918886149462
1101,811,Pratyush Sawhney,5958745978
1102,385,Tara Batta,+918018106617
1103,510,Kai Bala,3859470492
1104,87,Pavani Wali,09409438396
1105,570,Hamsini Baral,4861633049
1106,611,Anmol Gara,+917561454204
1107,973,Chanchal Bhatnagar,+911070702511
1108,183,Yatin Sekhon,5215830729
1109,649,Vihaan Sagar,+919662968881
1110,272,Rohan Barman,+911546383117
1111,310,Owen Korpal,1335481220
1112,491,Om Aggarwal,1939907837
1113,777,Edhitha Vyas,02445182614
1114,515,Nidra Murthy,05898741611
1115,513,Dipta Samra,06963971892
1116,845,Bhavna Chowdhury,5201804653
1117,618,Elijah Iyengar,+916228326405
1118,776,Aarnav Solanki,02127989773
1119,164,Ucchal Doctor,+910127238325
1120,184,Chaman Shukla,9642997546
1121,373,Omkaar Sarna,0287189352
1122,252,Azad Subramanian,09042483581
1123,42,Yashawini Menon,+910887980834
1124,853,Parth Ramanathan,00701144841
1125,256,Frederick Narain,01628880776
1126,117,Arunima Shenoy,08145058169
1127,280,Maanav Guha,0277055757
1128,114,Darsh Sehgal,08792334202
1129,5,Gagan Kara,2958152174
1130,947,Dayamai Prashad,+911356830921
1131,717,Tripti Balay,+910612001684
1132,68,Aahana Krishnan,7145175291
1133,328,Chasmum Dyal,04029888981
1134,463,Wazir Morar,2913948478
1135,823,Vincent Barad,03034240219
1136,816,Lakshit Talwar,+911044982133
1137,632,Gautami Wali,03445406283
1138,403,Aashi Badami,7368957390
1139,727,Dhruv Nori,03615958743
1140,909,Zansi Panchal,+918517554134
1141,2,Chaitaly Mallick,04755168984
1142,633,Abdul Mallick,5342180996
1143,532,Matthew Pai,09469503663
1144,545,Warda Bal,+917537492578
1145,290,Janani Karpe,+911796672585
1146,798,Dalbir Arya,06305835601
1147,902,Aachal Srinivasan,08387993790
1148,756,Vinaya Basak,4134169799
1149,626,Hredhaan Wason,04315726415
1150,156,Zashil Maharaj,09047451879
1151,114,Manthan Das,+910035736465
1152,984,Irya Behl,8734468356
1153,544,Ekbal Wason,+917435265215
1154,892,Divya Ahluwalia,+912614278935
1155,797,Kamala Nagar,5684252230
1156,729,Arunima Chakrabarti,+919126755163
1157,580,Charvi Tank,3526589892
1158,751,Vivaan Murty,1112252702
1159,988,Anusha Varma,08003950753
1160,901,Urishilla Saraf,+919388563217
1161,484,Tripti Nayak,06483967193
1162,517,Gaurang Bahri,+916618519080
1163,395,Bhavya Ratta,2910069781
1164,258,Faqid Ramachandran,+915750800610
1165,113,Chatresh Agrawal,+911547475894
1166,119,Umang Dhar,+912796472536
1167,757,Patrick Bal,+918244261764
1168,816,Vamakshi Gera,9547783688
1169,439,Vrinda Natt,+916635800478
1170,700,Christopher Bava,00471153367
1171,242,Yashodhara Sule,05687129262
1172,580,Harita Toor,+913038208782
1173,878,Varenya Atwal,03063143756
1174,266,Keya Swamy,6488095524
1175,49,Odika Dixit,8758565671
1176,975,Ekavir Suresh,8984232659
1177,858,Neha Gupta,04472102995
1178,882,Bishakha Patla,8279173045
1179,912,Nathaniel Pandya,00806427821
1180,499,Aarush Dave,+917116217566
1181,240,Maanav D’Alia,00234593471
1182,738,Gautam Mahal,06854848414
1183,822,Ekbal Minhas,02878929650
1184,368,Ranveer Barad,07870366688
1185,553,Gaurang De,+917397658886
1186,675,Viraj Raval,7310380342
1187,536,Dakshesh Wadhwa,4192090014
1188,843,Jagvi Raval,04611236787
1189,418,Faris Ramesh,09267711005
1190,650,Yatin Ahuja,3166432066
1191,876,Kavya Vala,03267372564
1192,370,Oni Bajwa,+911023387499
1193,617,Widisha Luthra,+910323183295
1194,37,Jeet Cheema,+919272034201
1195,984,Kritika Sundaram,9625526570
1196,809,Yauvani Pandey,05963791252
1197,395,Lavanya Khare,08676763377
1198,168,Ijaya Khosla,08705419677
1199,431,Kala Peri,6168177435
1200,977,Maya Nagar,7108133458
